id,first_name,last_name,email,created_at
1,"Louison","Donne","nouveau.email@example.com","2025-06-23T10:30:27.480Z"
2,"Alice","Dupont","alice.dupont@example.com","2025-06-23T10:30:27.480Z"
3,"Jean","Dupont","jean.dupont@example.com","2025-06-23T11:38:40.161Z"
4,"Jean","Dupont","jean.dupont@example.com","2025-06-23T11:58:08.173Z"
34,"Jean","Valjean","jean.valjean@example.com","2025-06-30T09:33:50.415Z"
35,"Marie","Curie","marie.curie@example.com","2025-06-30T09:33:50.510Z"
36,"Victor","Hugo","victor.hugo@example.com","2025-06-30T09:33:50.597Z"
37,"Jean","Nèmarre","victor.hugo@example.com","2025-06-30T09:33:50.685Z"
38,"Jean","Valjean","jean.valjean@example.com","2025-06-30T09:34:39.771Z"
39,"Marie","Curie","marie.curie@example.com","2025-06-30T09:34:39.862Z"
40,"Victor","Hugo","victor.hugo@example.com","2025-06-30T09:34:39.947Z"
41,"Jean","Nèmarre","jean.nemarre@example.com","2025-06-30T09:34:40.033Z"